<?xml version="1.0" encoding="UTF-8"?>
<!DOCTYPE hibernate-configuration PUBLIC
		"-//Hibernate/Hibernate Configuration DTD 3.0//EN"
		"http://www.hibernate.org/dtd/hibernate-configuration-3.0.dtd">
<hibernate-configuration>
    <session-factory>
        <property name="hibernate.connection.driver_class">com.mysql.jdbc.Driver</property>
         <property name="hibernate.connection.url">jdbc:mysql://localhost:3306/junittest</property>
        <property name="hibernate.connection.password">Welcome123</property>
        <property name="hibernate.connection.username">root</property>
        <property name="hibernate.dialect">org.hibernate.dialect.MySQLDialect</property>
        <property name="hbm2ddl.auto">update</property>
        <!-- <mapping resource="Employee.hbm.xml"></mapping>
            <mapping resource="Department.hbm.xml"></mapping> -->
    </session-factory>
</hibernate-configuration>